link,result_score_double
https://old.reddit.com/r/gaming/comments/12vkp3g/nintendo_used_to_advertise_in_playboy/?sort=top,1.0
https://old.reddit.com/r/gaming/comments/12vsfpx/today_my_first_keyboard_has_gone_to_silicon/?sort=top,1.0
https://old.reddit.com/r/pics/comments/12v7qok/the_war_took_away_my_lifes_work_friends_and_my/?sort=top,1.0
https://old.reddit.com/r/pics/comments/12viint/just_finished_acrylic_paintingthis_piece_will_be/?sort=top,1.0
https://old.reddit.com/r/food/comments/12v82ja/chicken_stir_fry_homemade/?sort=top,2.0
https://old.reddit.com/r/food/comments/12vuxtv/braised_lamb_with_moroccan_spiceed_butter_bean/?sort=top,1.0
https://old.reddit.com/r/Damnthatsinteresting/comments/12vjwrm/wear_over_time/?sort=top,1.0
https://old.reddit.com/r/Damnthatsinteresting/comments/12vdbz1/this_gecko_has_been_trapped_in_amber_for_54/?sort=top,1.0
https://old.reddit.com/r/Damnthatsinteresting/comments/12v7ll3/tea_harvesting_in_china/?sort=top,1.0
https://old.reddit.com/r/technology/comments/12vbq7j/used_evs_coming_down_in_price/?sort=top,1.0
https://old.reddit.com/r/technology/comments/12vgyyh/the_stop_csam_act_would_put_security_and_free/?sort=top,1.0
https://old.reddit.com/r/aww/comments/12vebzu/the_moment_where_he_calculates/?sort=top,1.0
https://old.reddit.com/r/aww/comments/12w1etm/heres_some_serotonin_youre_welcome_oc/?sort=top,1.0
https://old.reddit.com/r/aww/comments/12vxc87/oc_just_a_chick_bumbling_through_the_garden_weeds/?sort=top,1.0
https://old.reddit.com/r/aww/comments/12vsyvy/thank_god_i_found_you_i_would_be_lost_without_you/?sort=top,1.0
https://old.reddit.com/r/Art/comments/12vv6db/superbloom_me_10x8_oil_2023/?sort=top,1.0
https://old.reddit.com/r/Art/comments/12w0viy/enchantress_me_acrylic_2023/?sort=top,1.0
https://old.reddit.com/r/Art/comments/12vkfok/toucans_me_watercolor_2023/?sort=top,1.0
https://old.reddit.com/r/Art/comments/12v9f2l/apothecarys_tower_me_procreate_2023/?sort=top,1.0
https://old.reddit.com/r/gifs/comments/12w4byn/cow_ball_slowmo/?sort=top,1.0
https://old.reddit.com/r/InternetIsBeautiful/comments/12vjmvs/random_location_using_google_maps_this_code_is/?sort=top,1.0
https://old.reddit.com/r/InternetIsBeautiful/comments/12vaur2/i_made_a_pomodoro_app_useing_htmlcss_and_js_you/?sort=top,1.0
https://old.reddit.com/r/travel/comments/12v906i/glencoe_scotland/?sort=top,1.0
https://old.reddit.com/r/travel/comments/12vcgl8/near_mount_elbrus_karachaycircassian_republic/?sort=top,1.0
